NODE_ID,STATE_NAME,NEM_REGION,NEM_ZONE,VOLTAGE_KV,RRN,PROP_REG_D,LATITUDE,LONGITUDE
1,Queensland,QLD1,SEQ,132,0,0.0084916758238017,-24.9171415,152.299799
2,Queensland,QLD1,SEQ,132,0,0.008073712405552306,-24.939046,152.366053
3,Tasmania,TAS1,TAS,110,0,0.058735621948717134,-42.8732618409999,147.321012673
4,New South Wales,NSW1,SWNSW,132,0,0.002033168711093314,-35.994149701,146.984690813
5,New South Wales,NSW1,SWNSW,330,0,0.0006046824369979973,-35.9253464999999,146.908546
6,New South Wales,NSW1,SWNSW,132,0,0.0012034516148500798,-35.9408672229999,146.396861379
7,Queensland,QLD1,SEQ,110,0,0.0024118270029508822,-28.026001724,153.429751683
8,New South Wales,NSW1,SWNSW,132,0,0.0008237211341722018,-35.9714583099999,146.390375809
9,South Australia,SA1,NSA,275,0,0.000667148267383621,-33.348652,138.751659
10,South Australia,SA1,ADE,132,0,0.008185350834758251,-35.079285,138.852368
11,South Australia,SA1,ADE,275,0,0.09950325374381862,-35.113283,138.5498425
12,South Australia,SA1,ADE,275,0,0.06511543428413229,-35.051979581,138.57672725
13,South Australia,SA1,ADE,275,0,0.01927441307116856,-35.094976102,138.645881786
14,South Australia,SA1,ADE,275,0,0.022500530485736848,-35.0847500429999,138.848607084
16,New South Wales,NSW1,CAN,132,0,0.0012700688210323797,-36.218199308,149.140275146
18,New South Wales,NSW1,CAN,132,0,0.0038784363763192343,-36.715824714,149.841127241
20,Tasmania,TAS1,TAS,110,0,0.004679762904918057,-42.8599365659999,147.40770179
21,Tasmania,TAS1,TAS,110,0,0.004196139010090606,-42.780562,147.0786275
22,Tasmania,TAS1,TAS,220,0,0.025922111710344444,-42.824883879,147.349386506
23,Tasmania,TAS1,TAS,110,0,0.019554343323280144,-42.7450855,147.454073
24,Tasmania,TAS1,TAS,220,0,0.040763783764949095,-42.84308091,147.254959795
25,Tasmania,TAS1,TAS,110,0,0.004196139010090606,-42.7799454999999,147.0766645
26,Tasmania,TAS1,TAS,110,0,0.025543665527133906,-42.859474083,147.2917515
27,Tasmania,TAS1,TAS,110,0,0.046706647102321766,-42.731517099,147.231253642
28,Tasmania,TAS1,TAS,110,0,0.034983526460260234,-42.776239995,147.555391799
29,Tasmania,TAS1,TAS,110,0,0.007290170465324261,-42.973097031,147.267753989
30,New South Wales,NSW1,SWNSW,132,0,0.0003772493929243472,-34.4894182429999,144.878289416
31,Queensland,QLD1,SWQ,110,0,0.006939952588911498,-27.5563544999999,151.899565
32,Queensland,QLD1,SWQ,110,0,0.00026259415961593435,-27.419604576,151.679507644
33,New South Wales,NSW1,NCEN,330,0,0.012528748829004118,-34.0143424999999,150.851327
34,New South Wales,NSW1,NCEN,132,0,0.004900768585161571,-34.5523464999999,150.4067615
35,Victoria,VIC1,LVIC,500,0,0.0009115167259582792,-38.2535999999999,146.574569
39,Queensland,QLD1,SEQ,110,0,0.004716596709297534,-27.557512,153.0086735
40,Victoria,VIC1,MEL,500,0,0.00233594206238684,-38.1807729999999,141.639092
41,Victoria,VIC1,MEL,500,0,0.0009123659123994551,-38.3868613929999,141.625549734
42,New South Wales,NSW1,NCEN,132,0,0.0026656806823934145,-32.8151195,151.7652155
43,New South Wales,NSW1,NCEN,330,0,0.0008237211341722018,-32.927607,151.561532
44,New South Wales,NSW1,NCEN,330,0,0.0005449709250630244,-32.8217739629999,151.714151396
45,New South Wales,NSW1,NCEN,132,0,0.0003662085524211355,-32.713387364,151.696487738
46,New South Wales,NSW1,NCEN,132,0,0.004044048983867411,-32.7994500569999,151.637938108
47,New South Wales,NSW1,NCEN,132,0,0.0010746211332479966,-32.785631796,151.479546316
48,New South Wales,NSW1,NCEN,330,0,0.0010746211332479966,-32.805985,151.5001815
49,New South Wales,NSW1,NCEN,330,0,0.0005288852061276335,-32.8938865,151.714763
50,New South Wales,NSW1,NCEN,132,0,0.0013685059776537114,-32.5795439409999,151.072531335
51,New South Wales,NSW1,NCEN,132,0,0.0026972318483258133,-32.894967268,151.712777682
52,New South Wales,NSW1,NCEN,132,0,0.0034853493732348493,-33.885719101,151.06472609
53,New South Wales,NSW1,NCEN,330,0,0.0005731932982594365,-33.159164416,151.541664586
54,New South Wales,NSW1,NCEN,132,0,0.0009544124315894329,-33.112070208,151.476334018
55,New South Wales,NSW1,NCEN,132,0,0.01649935761536702,-33.912039539,151.162297111
56,New South Wales,NSW1,NCEN,132,0,0.0011838923730597458,-33.8732070849999,151.202730418
57,New South Wales,NSW1,NCEN,500,0,0.00021684706965858564,-33.0618120899999,151.515454691
58,New South Wales,NSW1,NCEN,132,0,0.002303627951959443,-33.0331646939999,151.561714611
59,New South Wales,NSW1,NCEN,132,0,0.00035107391712459803,-33.2093801199999,151.53790877
60,New South Wales,NSW1,NCEN,132,0,0.0015401352230041995,-33.9215719439999,151.115949101
62,Queensland,QLD1,SEQ,132,0,0.036303527338892874,-26.7089119999999,153.0690135
63,Queensland,QLD1,SEQ,110,0,0.01149891738046926,-26.402756149,153.0688275
64,Queensland,QLD1,SWQ,110,0,0.005783189071356511,-27.536646705,152.278223636
65,New South Wales,NSW1,NCEN,132,0,0.012355692958195351,-33.7425611539999,151.15650247
66,Queensland,QLD1,NQ,132,0,0.009127943944715687,-19.269056113,146.77817116
67,Queensland,QLD1,NQ,132,0,0.0023270471216217657,-19.517301,147.1074725
68,Queensland,QLD1,NQ,132,0,0.0008476591429759615,-19.8368599999999,147.2125915
69,Queensland,QLD1,NQ,275,0,0.0008476591429759615,-19.888718083,147.207900929
70,Queensland,QLD1,NQ,132,0,0.0002963105737062947,-19.580663,147.064229
71,New South Wales,NSW1,NCEN,132,0,0.004588647745767406,-33.76167613,151.194065814
72,New South Wales,NSW1,NCEN,132,0,0.00020106114882674638,-33.6663129999999,151.002759
73,Australian Capital Territory,NSW1,CAN,132,0,0.0022989759124215727,-35.2695188289999,149.109032779
74,Australian Capital Territory,NSW1,CAN,132,0,0.007657753296884917,-35.2151291069999,149.037775438
75,Victoria,VIC1,CVIC,220,0,0.005629087081267226,-36.737651962,144.510810861
76,Victoria,VIC1,CVIC,220,0,0.0035402582732625915,-36.738229496,144.510620847
77,Tasmania,TAS1,TAS,110,0,0.0026313785765261404,-40.854058833,145.378079264
78,Tasmania,TAS1,TAS,110,0,0.010697799269305268,-40.848092993,145.131060876
79,New South Wales,NSW1,CAN,132,0,0.001836749263938798,-33.849724,148.675785
80,New South Wales,NSW1,NCEN,132,0,0.0017540049873585484,-33.3652875399999,148.01966182
81,New South Wales,NSW1,NCEN,132,0,0.0014406436040876173,-33.1027340759999,148.074989925
82,New South Wales,NSW1,NCEN,132,0,0.0007366349540232733,-33.1798969709999,148.716948416
83,New South Wales,NSW1,NCEN,132,0,0.0017892364334586848,-33.466352888,148.992817715
84,Tasmania,TAS1,TAS,110,0,0.0002260794401788095,-42.26689751,146.261758099
85,New South Wales,NSW1,NCEN,132,0,0.0007366349540232733,-33.0868895359999,148.898958408
86,Tasmania,TAS1,TAS,220,0,0.0010430660787039006,-42.50642303,146.681162321
87,Tasmania,TAS1,TAS,220,0,0.0002260794401788095,-42.4523811459999,146.597686664
88,Victoria,VIC1,LVIC,500,0,0.009050798927341654,-38.262303039,146.608084507
89,Queensland,QLD1,NQ,132,0,0.002604781543405865,-20.101565685,146.280282395
90,Queensland,QLD1,SWQ,132,0,0.004884410593015712,-26.5781155,148.8399335
91,Queensland,QLD1,CQ,132,0,0.00040005070032441884,-23.4434029999999,150.5014755
92,New South Wales,NSW1,NCEN,132,0,0.002460835874742534,-33.84205166,150.911674939
93,New South Wales,NSW1,NCEN,330,0,0.0005390163144545507,-33.403181111,150.080755047
94,New South Wales,NSW1,NCEN,132,0,0.005811451845095025,-33.5784680529999,150.705077607
95,Queensland,QLD1,NQ,132,0,0.00013994965583488442,-21.691752783,148.210361506
96,Queensland,QLD1,SEQ,110,0,0.025548354386887448,-27.546467,153.2528405
97,Queensland,QLD1,SEQ,110,0,0.0019844358384251875,-27.5185549999999,153.489134
98,Queensland,QLD1,SEQ,110,0,0.0015808235450630545,-27.615862321,153.438988446
99,Queensland,QLD1,SEQ,110,0,0.00039187998688495704,-27.733449,153.327607
100,Queensland,QLD1,SEQ,110,0,0.001609211536628364,-27.4478425,153.110508
101,South Australia,SA1,NSA,132,0,0.00037457289285481275,-31.2347679759999,136.831520699
102,South Australia,SA1,NSA,132,0,0.00037457289285481275,-31.147276201,136.801811115
103,Queensland,QLD1,SEQ,275,0,0.002722523619123238,-27.732275822,152.956373085
104,Queensland,QLD1,SEQ,110,0,0.0031247741269121274,-27.04982811,152.916730239
105,Queensland,QLD1,SEQ,110,0,0.006608850139687768,-27.6116796049999,152.726698367
106,Queensland,QLD1,SWQ,110,0,0.0034682583495787337,-27.533195974,152.066299286
107,South Australia,SA1,NSA,275,0,0.000667148267383621,-33.346642404,138.751867736
108,Queensland,QLD1,SEQ,132,0,0.01385543493859917,-27.4508395,152.971964
109,Queensland,QLD1,SEQ,275,0,0.0012890273154731902,-27.660065457,152.814452112
110,Queensland,QLD1,SEQ,275,0,0.0013506817831848799,-27.5409779999999,152.7858575
111,Queensland,QLD1,SEQ,275,0,0.0005767087079303653,-27.655164234,152.818939657
112,Queensland,QLD1,SEQ,110,0,0.008676878661762833,-27.6306754999999,152.7788835
113,Queensland,QLD1,SEQ,110,0,0.002127947087297786,-27.573146849,152.71895903
114,Queensland,QLD1,SEQ,110,0,0.0005767087079303653,-27.6497518639999,152.814686565
115,Queensland,QLD1,SEQ,275,0,0.0,-27.647566,152.8121335
116,Queensland,QLD1,SEQ,110,0,0.016696119644385395,-27.0690655,152.9490425
117,Queensland,QLD1,SEQ,110,0,0.00653217113664051,-27.5634229999999,152.901540649
118,New South Wales,NSW1,SWNSW,132,0,0.0020627763582854474,-34.602531713,146.396478496
119,New South Wales,NSW1,SWNSW,330,0,0.0008080075783998405,-34.648923,146.0351625
120,New South Wales,NSW1,SWNSW,132,0,0.0008080075783998405,-34.315532,146.109415
121,South Australia,SA1,ADE,275,0,0.0493936592112603,-34.847523247,138.580604119
122,South Australia,SA1,ADE,275,0,1.4694895757348482e-06,-34.805171,138.52262
123,South Australia,SA1,ADE,275,0,0.08108937376820038,-34.735692,138.711882
124,South Australia,SA1,NSA,275,0,0.001357661419021426,-34.461692403,138.76804426
125,South Australia,SA1,NSA,132,0,0.0005701619553851211,-34.00102479,138.910931499
126,South Australia,SA1,NSA,132,0,0.0005701619553851211,-34.0017433789999,138.910926254
127,South Australia,SA1,ADE,132,0,0.005039271619081656,-34.833608515,138.806362843
128,South Australia,SA1,ADE,275,0,0.06470632838624771,-34.910803824,138.682017722
129,South Australia,SA1,ADE,275,0,0.0053262139502368135,-34.7655537209999,138.506911921
130,South Australia,SA1,ADE,275,1,0.002863349421305209,-34.779593317,138.509270688
131,New South Wales,NSW1,NCEN,132,0,0.005320196469895941,-33.4302198729999,149.521361225
132,New South Wales,NSW1,NCEN,132,0,0.0005773491202466004,-33.687299853,149.856773096
133,New South Wales,NSW1,NCEN,132,0,0.003228019221731154,-33.2742118159999,149.108416319
134,New South Wales,NSW1,NCEN,132,0,0.0008717301822030214,-33.2796915,149.1059045
135,Queensland,QLD1,SEQ,110,0,0.011259347872314784,-27.7204705,153.209126
136,Tasmania,TAS1,TAS,110,0,0.01316237760992361,-43.0573118089999,147.26129062
137,Tasmania,TAS1,TAS,110,0,0.03215631085627561,-43.0229495,147.0739325
138,New South Wales,NSW1,NCEN,330,0,0.0003624869207908394,-34.72380026,150.481713906
139,Victoria,VIC1,MEL,220,0,0.009333408174965014,-37.82519109,144.929430749
140,Victoria,VIC1,MEL,220,0,0.048000773099336036,-37.7726698179999,144.984333275
141,Victoria,VIC1,MEL,500,0,0.04994625923607017,-37.676163151,144.747212622
142,Victoria,VIC1,MEL,500,0,0.030383381353411267,-37.7382385929999,144.846176377
143,Victoria,VIC1,MEL,220,0,0.001959412794369418,-37.7299527769999,144.011535365
144,Victoria,VIC1,MEL,220,0,0.02895980520342388,-37.800340514,144.934853281
145,Victoria,VIC1,MEL,220,0,0.0084019355676391,-37.838848,144.7893805
146,Victoria,VIC1,MEL,220,0,0.013428864543468451,-37.8259672,144.861785603
147,Victoria,VIC1,MEL,220,0,0.00575120009150833,-37.841462,144.894197
148,Queensland,QLD1,NQ,275,0,0.002910031017285246,-16.95595307,145.751813602
149,Queensland,QLD1,NQ,132,0,0.0048525657611490905,-16.9462543879999,145.755062506
150,Queensland,QLD1,NQ,132,0,0.00037620199400325465,-16.692974326,145.346710291
151,Queensland,QLD1,NQ,132,0,0.008785612002149518,-16.977650866,145.754860709
152,Queensland,QLD1,NQ,132,0,0.006486603696305051,-16.8661354999999,145.687427
153,Queensland,QLD1,NQ,132,0,0.006655150849178051,-16.9266709999999,145.7767665
154,Queensland,QLD1,NQ,132,0,0.00037620199400325465,-16.693981935,145.342592595
155,Queensland,QLD1,NQ,132,0,0.001027868767168536,-16.5308525,145.4577345
156,Queensland,QLD1,NQ,132,0,0.004727176735674273,-16.850199,145.646495
157,Tasmania,TAS1,TAS,110,0,0.0010718724195279885,-41.121524865,146.847628081
158,Queensland,QLD1,CQ,132,0,0.0009360704525003946,-23.8845655,151.2740445
159,New South Wales,NSW1,NCEN,132,0,0.003035052621700302,-33.786724675,151.13291284
160,Queensland,QLD1,SEQ,132,0,0.015211982875022638,-27.9044024999999,153.311482
161,New South Wales,NSW1,NCEN,132,0,0.0025664681858491045,-33.8824482869999,151.212041103
162,New South Wales,NSW1,NCEN,330,0,0.0015014302540491203,-33.209869,151.544785
163,New South Wales,NSW1,NCEN,132,0,0.003345312645279319,-33.9123253889999,151.194462962
164,New South Wales,NSW1,NCEN,132,0,0.000809175757217128,-33.727418524,151.199155099
165,Queensland,QLD1,SEQ,110,0,0.0019727035319480114,-27.717463972,153.322146215
166,New South Wales,NSW1,NCEN,330,0,0.0029184725108812766,-33.6556305,151.0301025
167,New South Wales,NSW1,NCEN,132,0,0.003342955611913465,-33.9066129039999,151.183085312
168,South Australia,SA1,NSA,275,0,0.001357661419021426,-34.4673800319999,138.754839061
169,Queensland,QLD1,SEQ,275,0,0.008445584619784221,-27.5370354999999,153.115188
170,Queensland,QLD1,CQ,132,0,0.0012517952000201114,-23.552451837,145.314186118
171,Queensland,QLD1,CQ,132,0,0.0019643233130357428,-23.55141198,145.312255011
172,Queensland,QLD1,SEQ,110,0,0.008278399252484464,-27.557618625,152.945134037
173,Queensland,QLD1,SEQ,275,0,0.0007120043493336148,-27.5771631179999,152.771641864
174,Queensland,QLD1,SEQ,275,0,0.0005376957959584294,-27.552941,152.9993215
175,Queensland,QLD1,SEQ,110,0,0.0005767087079303653,-27.6582579999999,152.8120075
176,New South Wales,NSW1,NCEN,132,0,0.0063844590617729464,-33.3293950529999,151.420808893
177,Queensland,QLD1,SEQ,110,0,0.003907277067845201,-28.0689711389999,153.377070195
178,Queensland,QLD1,CQ,275,0,0.0009214050694039246,-22.820716165,149.403959814
179,New South Wales,NSW1,NCEN,330,0,0.007244280022759021,-33.9326727609999,150.865773123
180,New South Wales,NSW1,NCEN,132,0,0.0015280399202057373,-33.883242233,150.596540611
181,New South Wales,NSW1,NCEN,132,0,0.012666821362488104,-33.850588498,150.957635498
182,New South Wales,NSW1,NCEN,132,0,0.005091936396571114,-33.7586704999999,150.839003
183,New South Wales,NSW1,NCEN,132,0,0.0046011772389227355,-33.724143711,150.940077943
184,New South Wales,NSW1,NCEN,132,0,0.004479852047775083,-33.74421609,150.949565422
185,New South Wales,NSW1,NCEN,132,0,0.0028061102492432538,-33.770737937,150.87802735
186,New South Wales,NSW1,NCEN,132,0,0.004835681383093949,-33.8144854999999,150.998996939
187,New South Wales,NSW1,NCEN,330,0,0.004493373976031826,-33.8347229199999,150.919146447
188,New South Wales,NSW1,NCEN,132,0,0.003727059009756941,-33.841977893,150.881374868
189,New South Wales,NSW1,NCEN,132,0,0.026252017356945608,-33.7545879579999,151.244131251
190,Tasmania,TAS1,TAS,110,0,0.0002260794401788095,-42.1251965,146.745081
191,Victoria,VIC1,MEL,500,0,0.013540362723194855,-37.929279559,145.227283119
192,Victoria,VIC1,MEL,220,0,0.03628267956026068,-37.7480699399999,145.170535798
193,Victoria,VIC1,MEL,220,0,0.06942591684749383,-37.8208346829999,145.215577224
194,Victoria,VIC1,MEL,220,1,0.0523178671289864,-37.693699091,145.009928981
195,Victoria,VIC1,MEL,500,0,0.03889749444992971,-37.6444821589999,145.078435612
196,Victoria,VIC1,MEL,220,0,0.021733483344948786,-37.940958253,145.236340595
197,Victoria,VIC1,MEL,220,0,0.04143843011921643,-37.9411279999999,145.078232
198,Victoria,VIC1,NVIC,220,0,0.0011607529464434244,-37.2237077789999,145.920919502
199,Victoria,VIC1,NVIC,220,0,0.001990917611337046,-37.2220053349999,145.921452358
200,Victoria,VIC1,MEL,220,0,0.037857920408642096,-37.928182168,145.146100668
201,Tasmania,TAS1,TAS,110,0,0.0009642365668274226,-41.777035,145.539544
202,Tasmania,TAS1,TAS,110,0,0.0009642365668274226,-41.9099255,145.5660745
203,New South Wales,NSW1,CAN,132,0,0.0001805239449468958,-36.294529639,148.50932506
204,New South Wales,NSW1,CAN,330,0,5.615011722209229e-05,-36.225549643,148.144270481
205,New South Wales,NSW1,CAN,132,0,5.615011722209229e-05,-36.301066443,148.312375514
206,New South Wales,NSW1,CAN,132,0,0.0001805239449468958,-36.349442908,148.4134294
207,New South Wales,NSW1,CAN,132,0,0.0012722025565004163,-36.4351496749999,148.633250107
208,New South Wales,NSW1,CAN,132,0,0.0001805239449468958,-36.3510485109999,148.411783984
209,New South Wales,NSW1,CAN,330,0,5.615011722209229e-05,-36.2467129999999,148.190095
210,New South Wales,NSW1,CAN,330,0,5.615011722209229e-05,-36.2423439999999,148.136247
211,New South Wales,NSW1,CAN,132,0,0.0001805239449468958,-36.414756309,148.598054436
212,New South Wales,NSW1,CAN,132,0,5.615011722209229e-05,-36.301769709,148.313807542
213,Victoria,VIC1,NVIC,220,0,0.016320344375672605,-36.342812807,145.414577352
214,New South Wales,NSW1,NCEN,500,0,0.002842954402383185,-33.9006505,150.8085335
215,New South Wales,NSW1,NCEN,500,0,0.0003459049843047424,-33.36388454,150.02611411
216,New South Wales,NSW1,NCEN,330,0,0.0003459049843047424,-33.358892232,150.031322308
217,New South Wales,NSW1,NCEN,132,0,0.003052234154393502,-33.802426673,150.926421782
218,New South Wales,NSW1,NCEN,132,0,0.0010368465722004913,-33.720141107,150.93635548
219,New South Wales,NSW1,NCEN,132,0,0.004699304259574876,-33.687470543,150.921484049
220,Queensland,QLD1,CQ,132,0,0.00038206814724184264,-23.5159659999999,150.321371
221,Queensland,QLD1,CQ,275,0,0.0012451259424690977,-23.5376484179999,150.486864569
222,Queensland,QLD1,CQ,275,0,0.00038206814724184264,-23.5157715,150.319888
223,Queensland,QLD1,CQ,132,0,0.00038206814724184264,-23.536133895,150.48695136
224,Queensland,QLD1,CQ,275,0,0.00038206814724184264,-23.50972,150.319466
225,Queensland,QLD1,CQ,275,0,0.00021819994992819177,-23.751348465,150.837806603
226,Queensland,QLD1,CQ,132,0,0.0006977928947615595,-23.530838057,150.244329072
227,Queensland,QLD1,CQ,132,0,0.0003157247475197168,-23.676661246,150.020067558
228,Queensland,QLD1,CQ,132,0,0.014577181292418298,-23.366187,150.5085245
229,Queensland,QLD1,SEQ,110,0,0.009642070374983361,-27.4507609999999,153.0476425
230,Queensland,QLD1,SEQ,275,0,0.0004669876988861637,-27.4474132779999,153.113192395
231,Queensland,QLD1,SEQ,110,0,0.0005304678571465978,-27.4660425,153.014017
232,Queensland,QLD1,SEQ,110,0,0.0033689976494982385,-27.640590808,152.851931794
233,Queensland,QLD1,SEQ,275,1,0.009173825643260356,-27.323552155,152.97009205
234,Tasmania,TAS1,TAS,110,0,0.02602277258772014,-42.950960161,147.272478251
235,Tasmania,TAS1,TAS,110,0,0.026950982024290235,-42.887385466,147.449646137
236,South Australia,SA1,NSA,220,0,0.006583313299292119,-34.237689175,140.596974295
237,South Australia,SA1,NSA,132,0,0.009160798015131043,-34.2698589999999,140.597989
238,South Australia,SA1,NSA,275,0,0.0009199004744100149,-33.8469019529999,138.40754342
239,South Australia,SA1,NSA,132,0,0.0027914423980659173,-33.1709799999999,138.007012
240,New South Wales,NSW1,NCEN,132,0,0.0007665675055640831,-32.2950665,150.876708
241,New South Wales,NSW1,NCEN,132,0,0.00022804740866023864,-32.245446,150.911306
242,New South Wales,NSW1,NCEN,330,0,0.002031798205477078,-32.222211,150.941673
243,New South Wales,NSW1,NCEN,330,0,0.00022804740866023864,-32.371240724,150.975038348
244,New South Wales,NSW1,NCEN,500,0,0.00022804740866023864,-32.39527,150.94913
245,New South Wales,NSW1,NCEN,330,0,0.00022804740866023864,-32.3712669999999,150.97757
246,New South Wales,NSW1,NCEN,500,0,0.00022804740866023864,-32.3994582029999,150.946098856
247,New South Wales,NSW1,NCEN,132,0,0.003393817910860845,-33.9044410239999,151.040745773
248,New South Wales,NSW1,NCEN,330,0,8.001508005136599e-06,-33.894159373,151.037001691
249,New South Wales,NSW1,NCEN,330,0,0.0003455534968729922,-33.915068053,151.187235489
250,New South Wales,NSW1,NCEN,132,0,0.004288498154784026,-33.888205962,151.042212711
251,New South Wales,NSW1,NCEN,132,0,0.005823609175087325,-33.8780114309999,151.271372227
252,New South Wales,NSW1,NCEN,132,0,0.016209690620142308,-33.968195663,151.1277393
253,New South Wales,NSW1,NCEN,132,0,0.004481619822799474,-33.879828446,151.212319426
254,New South Wales,NSW1,NCEN,330,0,0.0026843818813356525,-33.7258224999999,151.2082815
255,New South Wales,NSW1,NCEN,330,0,0.00021684706965858564,-33.0625973159999,151.51543096
256,New South Wales,NSW1,NCEN,132,0,0.003542166282790703,-33.8789595,151.0658015
257,New South Wales,NSW1,NNS,132,0,0.0022271484219568583,-30.7217019999999,152.9095575
258,New South Wales,NSW1,NNS,132,0,0.0008630463750656639,-30.6203339529999,152.958491051
259,Queensland,QLD1,CQ,275,0,0.0015948604117411041,-23.1291254069999,148.42818463
260,Queensland,QLD1,CQ,132,0,0.00023593309173361714,-23.587456,148.8262285
261,Queensland,QLD1,CQ,132,0,0.0015948604117411041,-23.1487544629999,148.391725664
262,Queensland,QLD1,CQ,132,0,0.00023593309173361714,-23.5366691959999,148.849896811
264,New South Wales,NSW1,NCEN,132,0,0.004188882481479767,-34.5231404859999,150.810304088
265,New South Wales,NSW1,NCEN,330,0,0.0014938629364008515,-34.5346319999999,150.781179
266,New South Wales,NSW1,NCEN,132,0,0.0019890880520055847,-34.4591599419999,150.860460928
267,New South Wales,NSW1,NCEN,132,0,0.0014312154706242006,-33.414351239,151.292811403
268,Tasmania,TAS1,TAS,110,0,0.002093875301821316,-41.350467,146.263167
269,Tasmania,TAS1,TAS,110,0,0.015692450047039598,-41.17918936,146.44485084
270,Tasmania,TAS1,TAS,110,0,0.0010718724195279885,-41.1297554619999,146.855619875
271,Victoria,VIC1,LVIC,220,0,0.00026383279186846986,-38.276921122,146.42448215
272,Victoria,VIC1,LVIC,500,0,0.0022764046574555033,-38.281172,146.4283415
273,Victoria,VIC1,LVIC,220,0,0.002136128492778136,-38.1741377289999,146.349913705
274,Victoria,VIC1,LVIC,220,0,0.0034839477768077234,-38.2731029999999,146.392263
275,Victoria,VIC1,LVIC,500,0,0.0009115167259582792,-38.25649684,146.573861699
276,Victoria,VIC1,LVIC,220,0,0.0067057705700342305,-38.177015,146.342783
277,Victoria,VIC1,LVIC,220,0,0.00026383279186846986,-38.25588465,146.414043061
278,Victoria,VIC1,LVIC,220,0,0.00026383279186846986,-38.25456,146.413722
279,Victoria,VIC1,LVIC,220,0,0.00026383279186846986,-38.275325,146.426296
280,Victoria,VIC1,LVIC,220,0,0.00026383279186846986,-38.274626,146.424923
281,New South Wales,NSW1,NCEN,132,0,0.003944278242578556,-33.732221866,151.000157082
282,Tasmania,TAS1,TAS,110,0,0.0056841132615543825,-40.718753213,144.69756189
283,Queensland,QLD1,SEQ,110,0,0.010987514521348073,-27.434323326,153.142951236
284,New South Wales,NSW1,NCEN,132,0,0.0054905231441758255,-33.807492264,151.009007331
286,New South Wales,NSW1,NCEN,330,0,0.008676301846903118,-33.9786544999999,151.012896
287,New South Wales,NSW1,NCEN,132,0,0.0038680158077544053,-33.8563485,151.074597
288,New South Wales,NSW1,NCEN,330,0,0.0031265737462086666,-33.8814173219999,151.202246784
289,New South Wales,NSW1,NCEN,132,0,0.0022951302264036,-33.411398,151.3298205
290,New South Wales,NSW1,NCEN,132,0,0.004391153160586359,-33.968943522,151.229126659
291,South Australia,SA1,NSA,132,0,0.0009199004744100149,-34.0878905,138.0914405
292,New South Wales,NSW1,NCEN,330,0,0.001027728574706266,-33.160745,151.543146
293,South Australia,SA1,NSA,132,0,0.016305897179226595,-34.548705959,138.761055455
294,South Australia,SA1,NSA,132,0,0.007373016997292026,-34.4918185559999,138.966403098
295,Tasmania,TAS1,TAS,110,0,0.006964958399956636,-43.1643989999999,146.945575
296,South Australia,SA1,NSA,132,0,0.0012605281580653526,-33.689488207,136.400578306
297,South Australia,SA1,NSA,132,0,0.0012605281580653526,-33.625360788,136.703705583
298,New South Wales,NSW1,NNS,132,0,0.008175618338240617,-28.2558963989999,153.472441306
299,Queensland,QLD1,SEQ,110,0,0.016343940944597308,-28.1026515,153.436329
300,New South Wales,NSW1,SWNSW,132,0,0.0015655663724778895,-34.4606461019999,147.550738103
301,Australian Capital Territory,NSW1,CAN,132,0,0.007867405212058263,-35.1723400389999,149.11669171
302,Victoria,VIC1,MEL,220,0,0.019770249211594076,-37.567381134,143.92185575
303,Victoria,VIC1,CVIC,220,0,0.0059685918204493765,-37.3574621769999,143.60373023
304,Victoria,VIC1,MEL,132,0,0.004757651955332453,-37.843169663,143.875763207
305,Queensland,QLD1,SWQ,110,0,0.00033638960551928807,-27.086319967,150.943005459
306,South Australia,SA1,NSA,132,0,0.00037457289285481275,-31.4665659999999,137.087617
307,South Australia,SA1,NSA,132,0,0.00037457289285481275,-31.466129407,137.088048261
308,New South Wales,NSW1,NNS,330,0,0.00032806182821060057,-29.203119952,151.328862948
309,New South Wales,NSW1,NNS,132,0,0.0025598002625114905,-29.785533529,151.159343489
310,New South Wales,NSW1,NNS,132,0,0.0011163654347011512,-29.706747709,151.77313577
311,Tasmania,TAS1,TAS,110,0,0.0002260794401788095,-42.1409995,146.2248025
312,Queensland,QLD1,SEQ,110,0,0.004590264909195086,-27.997805,153.4268985
313,Queensland,QLD1,SEQ,110,0,0.012391620200098666,-27.8552204769999,153.293779342
314,Queensland,QLD1,SEQ,275,0,0.008047524221451467,-27.978431921,153.36007057
315,Queensland,QLD1,SEQ,110,0,0.010117438292781793,-27.3899375,153.083203
316,Queensland,QLD1,SEQ,110,0,0.0015370369012464513,-27.4520155989999,153.028255117
317,Queensland,QLD1,SEQ,110,0,0.01786222710602756,-27.3991829999999,153.009328
318,Queensland,QLD1,SEQ,132,0,0.006194867325421702,-27.466433996,153.008857113
319,Queensland,QLD1,SEQ,110,0,0.014410414936064153,-27.3302035,153.0500525
320,Queensland,QLD1,SEQ,132,0,0.0113847368977896,-27.2730480619999,153.020590476
321,Queensland,QLD1,SEQ,110,0,2.891175524732642e-05,-27.4026098849999,153.130417746
322,New South Wales,NSW1,NCEN,330,0,0.004416832418835403,-32.732195492,151.53946107
323,Tasmania,TAS1,TAS,110,0,0.00962085693379224,-41.0657052409999,145.914099278
324,Queensland,QLD1,CQ,132,0,0.0,-23.8731405,151.2889405
325,Queensland,QLD1,NQ,132,0,0.00013876245815564638,-20.3652323599999,147.472830199
326,Queensland,QLD1,NQ,132,0,0.00013876245815564638,-20.3653485419999,147.473423109
327,Queensland,QLD1,NQ,275,0,0.00013876245815564638,-20.499185505,147.775364403
328,Queensland,QLD1,NQ,132,0,0.00013876245815564638,-20.54416,147.805492
329,Queensland,QLD1,NQ,132,0,0.00013876245815564638,-20.956626,147.8930115
331,Queensland,QLD1,NQ,132,0,0.00013876245815564638,-20.448950387,147.346223565
334,New South Wales,NSW1,NCEN,330,0,0.0005390163144545507,-33.406411836,150.081069728
335,New South Wales,NSW1,NCEN,132,0,0.0015722653094124225,-33.66966795,150.325185762
336,New South Wales,NSW1,NCEN,132,0,0.0018078445916101652,-33.790420233,150.890858713
337,New South Wales,NSW1,NCEN,132,0,0.0018078445916101652,-33.788200349,150.895976452
338,Queensland,QLD1,NQ,132,0,0.00013994965583488442,-21.9867619999999,148.0250135
339,New South Wales,NSW1,NCEN,132,0,0.00043437643844939223,-33.050082499,151.522767831
340,Queensland,QLD1,SEQ,132,0,0.0043403248801366775,-27.454561601,153.01255958
341,Queensland,QLD1,SEQ,110,0,0.005125970403161852,-27.333583,153.0187605
342,Queensland,QLD1,SEQ,132,0,0.013108966938988852,-27.5798555,152.959912
343,Queensland,QLD1,SEQ,110,0,0.002024032372785656,-27.5852914829999,152.806128188
344,New South Wales,NSW1,SWNSW,132,0,0.0016270973487654517,-33.515932516,145.52972082
345,Queensland,QLD1,SEQ,275,0,0.0019944222659623078,-27.372221394,152.6320276
346,South Australia,SA1,NSA,132,0,0.013315926739478899,-33.009925644,137.57668234
348,South Australia,SA1,NSA,132,0,0.008313784223677477,-33.9769575,137.7296105
351,Tasmania,TAS1,TAS,110,0,0.019980216266023462,-42.859230523,147.290332656
352,Tasmania,TAS1,TAS,110,0,0.027193923180264264,-42.9895009489999,147.280737
353,South Australia,SA1,NSA,132,0,0.0006348194967174544,-33.508567709,138.119175192
354,Queensland,QLD1,NQ,275,0,0.004319444168013609,-19.404489,146.726602
355,Queensland,QLD1,NQ,132,0,0.007063686521151142,-19.2865081309999,146.747652774
356,Queensland,QLD1,NQ,132,0,0.00034599828834028684,-19.3354561109999,146.888496595
357,Queensland,QLD1,NQ,132,0,0.00034599828834028684,-19.337998351,146.851170546
358,Queensland,QLD1,NQ,132,0,0.0016367615063024468,-19.332176601,146.847907887
359,Queensland,QLD1,NQ,132,0,0.00034599828834028684,-19.3511174449999,146.852969899
360,Queensland,QLD1,NQ,132,0,0.0022813050933923,-19.2010559999999,146.618707
361,Queensland,QLD1,NQ,132,0,0.00213119442212629,-19.2510787689999,146.574595722
362,Queensland,QLD1,NQ,132,0,0.0017620457790408612,-19.32051509,146.718461656
363,New South Wales,NSW1,NCEN,132,0,0.00043437643844939223,-33.0495659589999,151.525023642
364,Victoria,VIC1,CVIC,220,0,0.007029565360054626,-36.722204534,142.247589195
365,South Australia,SA1,NSA,132,0,0.0027914423980659173,-32.967663084,138.039280637
366,Queensland,QLD1,SWQ,110,0,0.00026259415961593435,-27.4183619999999,151.679767
367,South Australia,SA1,NSA,132,0,0.0013623637856637776,-30.4423740949999,136.871297811
368,South Australia,SA1,NSA,275,0,0.00037457289285481275,-30.4491660159999,136.860474968
369,New South Wales,NSW1,NCEN,330,0,0.00174606550654725,-34.4472696029999,150.743827293
370,New South Wales,NSW1,NCEN,330,0,0.009566578160063783,-34.08528132,150.766311522
371,Queensland,QLD1,SWQ,132,0,0.0023005795968905176,-28.524192569,150.286180625
372,Queensland,QLD1,NQ,110,0,0.0009033875987425473,-18.8745934999999,144.1432605
373,Tasmania,TAS1,TAS,110,0,0.005512150929370906,-41.673192587,146.268683946
374,Tasmania,TAS1,TAS,220,0,0.014359108233119524,-41.140124704,146.903636243
375,Tasmania,TAS1,TAS,220,0,0.002093875301821316,-41.483312,146.125073
376,Tasmania,TAS1,TAS,220,0,0.0010718724195279885,-41.1238828689999,146.872215704
377,Tasmania,TAS1,TAS,220,0,0.002093875301821316,-41.603763,146.139022
378,Queensland,QLD1,CQ,132,0,8.380218912268527e-07,-23.8458629249999,151.216557064
379,Queensland,QLD1,CQ,132,0,0.0015647963763933408,-23.865468,151.292849
380,Queensland,QLD1,CQ,275,0,0.0023102168486396264,-23.928688,151.344285
381,Queensland,QLD1,CQ,132,0,0.004973869429904178,-23.265287467,150.470851502
382,New South Wales,NSW1,NCEN,132,0,8.270292511769095e-07,-33.794407604,150.870631113
383,Queensland,QLD1,SEQ,275,0,0.0040977175426265035,-26.7069703719999,152.93702529
384,Queensland,QLD1,SEQ,110,0,0.004425174596623396,-26.4335804999999,152.923155
385,Queensland,QLD1,SEQ,132,0,0.0022955514655431564,-26.3180122099999,152.777771384
386,Queensland,QLD1,SEQ,110,0,0.0041423422083343335,-26.854270081,152.933682807
387,Queensland,QLD1,SEQ,132,0,0.003426357255017391,-26.60973,152.9467605
388,Queensland,QLD1,SEQ,275,0,0.0018883775791433094,-26.0896959999999,152.4383545
389,Queensland,QLD1,SEQ,132,0,0.0007768462931672925,-26.081199758,152.2585255
390,South Australia,SA1,NSA,132,0,0.002372784817939059,-34.850861,135.585172
391,Queensland,QLD1,SEQ,132,0,0.007518627655350919,-26.1963939999999,152.681686
392,Queensland,QLD1,SEQ,110,0,0.0008386504076452729,-26.853715,152.9278885
393,Queensland,QLD1,SEQ,110,0,0.0035296434531111006,-27.4583984999999,153.0359545
394,New South Wales,NSW1,NCEN,132,0,0.007204582618702529,-33.908906633,151.248036025
395,New South Wales,NSW1,NCEN,132,0,0.003392060473702094,-33.7826239999999,151.0442395
396,New South Wales,NSW1,NCEN,132,0,0.0009544124315894329,-33.1236752569999,151.465382309
397,New South Wales,NSW1,NCEN,132,0,0.008855539761364434,-33.862937151,151.208055469
398,South Australia,SA1,NSA,132,0,0.0006348194967174544,-33.508264665,138.130708401
399,South Australia,SA1,NSA,275,0,0.000667148267383621,-33.309259942,138.729595542
400,South Australia,SA1,NSA,275,0,0.003750725193105626,-33.309212391,138.727294057
402,South Australia,SA1,NSA,132,0,0.0006348194967174544,-33.4952162709999,138.267430566
404,South Australia,SA1,ADE,275,0,0.07075180850082087,-34.9245782519999,138.610327711
405,South Australia,SA1,NSA,275,0,0.0008344741470739625,-33.5567756209999,138.848252155
406,South Australia,SA1,NSA,275,0,0.0009199004744100149,-33.8466652779999,138.409042565
407,South Australia,SA1,NSA,275,0,0.0009199004744100149,-33.8301639869999,138.118443965
408,South Australia,SA1,ADE,275,0,0.05232558481276647,-34.776866647,138.598236003
409,South Australia,SA1,ADE,275,0,1.4694895757348482e-06,-34.806166516,138.524590912
410,Queensland,QLD1,SEQ,110,0,0.006490479547551975,-27.3257867409999,152.970834986
411,New South Wales,NSW1,CAN,132,0,0.0014987940983109938,-34.769458114,149.731158529
412,New South Wales,NSW1,CAN,132,0,0.00071346779712468,-34.7955301599999,149.398175853
413,New South Wales,NSW1,CAN,132,0,0.00071346779712468,-34.7954270079999,149.396711019
414,New South Wales,NSW1,CAN,132,0,0.00071346779712468,-34.80498162,149.400129582
415,New South Wales,NSW1,CAN,132,0,0.0007853263011863138,-34.6958309,149.383175211
416,New South Wales,NSW1,NCEN,132,0,8.001508005136599e-06,-33.8882154799999,151.042203193
417,Australian Capital Territory,NSW1,CAN,132,0,0.0015996193018950988,-35.3153456539999,149.14896501
418,Australian Capital Territory,NSW1,CAN,132,0,0.0034371749193537944,-35.2693427679999,149.150209699
420,Tasmania,TAS1,TAS,110,0,0.0002260794401788095,-42.2544325,146.3099315
421,Tasmania,TAS1,TAS,220,0,0.0010430660787039006,-42.505847,146.6796355
422,Tasmania,TAS1,TAS,110,0,0.0010430660787039006,-42.6095319999999,146.8463295
423,Tasmania,TAS1,TAS,220,0,0.0002260794401788095,-42.1261374649999,146.745610977
424,Tasmania,TAS1,TAS,220,0,0.0010430660787039006,-42.507695,146.64696
425,Tasmania,TAS1,TAS,110,0,0.0002260794401788095,-42.253702238,146.620699328
426,Tasmania,TAS1,TAS,220,0,0.0010430660787039006,-42.490604,146.7319825
427,Tasmania,TAS1,TAS,220,0,0.0002260794401788095,-42.376133652,146.511715909
428,Tasmania,TAS1,TAS,110,0,0.0002260794401788095,-42.254000671,146.620467609
429,Tasmania,TAS1,TAS,110,0,0.0002260794401788095,-42.261782363,146.631196818
430,Queensland,QLD1,SEQ,132,0,0.0044244413274685725,-26.6155664999999,152.960844
431,Tasmania,TAS1,TAS,220,0,0.0009642365668274226,-41.735983,145.532112
432,Queensland,QLD1,CQ,275,0,0.0006891682527976831,-23.9605754999999,151.289016
433,Queensland,QLD1,CQ,132,0,0.0006891682527976831,-23.886302682,151.273653446
434,Queensland,QLD1,CQ,132,0,0.0,-23.872790879,151.289144182
435,Queensland,QLD1,CQ,132,0,8.380218912268527e-07,-23.830532274,151.16575995
436,Queensland,QLD1,CQ,132,0,8.380218912268527e-07,-23.8303654869999,151.165411438
437,Queensland,QLD1,CQ,275,0,0.0012149222368061298,-23.8507529999999,151.218653
438,Queensland,QLD1,CQ,275,0,8.380218912268527e-07,-23.82301,151.0697765
439,Queensland,QLD1,CQ,132,0,8.380218912268527e-07,-23.8507137889999,151.216875367
440,Queensland,QLD1,CQ,275,0,8.380218912268527e-07,-23.849791345,151.216674934
441,Queensland,QLD1,CQ,132,0,0.005445885260137702,-23.8707347759999,151.196111579
443,New South Wales,NSW1,SWNSW,132,0,0.0012468706505368674,-35.0764473089999,147.422679493
444,New South Wales,NSW1,SWNSW,330,0,0.0010669917884058896,-35.2004334719999,147.393550407
445,New South Wales,NSW1,SWNSW,132,0,0.0008921371289758117,-35.177300225,147.215401806
446,New South Wales,NSW1,SWNSW,220,0,0.0021090486448887957,-34.775606726,143.525101829
447,New South Wales,NSW1,SWNSW,132,0,0.005376269053125735,-35.126366745,147.381492852
448,New South Wales,NSW1,SWNSW,132,0,0.0008921371289758117,-35.1793949999999,147.215692
449,Tasmania,TAS1,TAS,220,0,0.0002260794401788095,-42.451614299,146.598643887
450,Tasmania,TAS1,TAS,110,0,0.0002260794401788095,-42.2976904999999,146.4572095
451,Tasmania,TAS1,TAS,220,0,0.0002260794401788095,-42.427176,146.534709
452,Tasmania,TAS1,TAS,220,0,0.0002260794401788095,-42.376317,146.50989
453,Queensland,QLD1,SWQ,275,0,0.0028664538789414497,-26.7710852129999,151.711301672
454,Queensland,QLD1,SWQ,275,0,0.0006811721272522268,-26.7866435,151.9065315
455,Queensland,QLD1,SWQ,275,0,0.0018229769540488137,-26.782357507,151.91527317
456,Queensland,QLD1,SWQ,275,0,0.0028677807469358924,-26.775762588,151.9146017
457,New South Wales,NSW1,NCEN,132,0,0.00940729232628711,-33.867087,151.0885785
458,South Australia,SA1,NSA,132,0,0.0027655793815329842,-29.68504,135.59131
459,New South Wales,NSW1,NCEN,132,0,0.00021331151960980437,-32.95953657,149.863592776
460,New South Wales,NSW1,NCEN,132,0,0.001431091416236524,-32.585962332,149.569347726
461,New South Wales,NSW1,NCEN,132,0,0.0002865036083389609,-32.67264548,149.024651241
462,New South Wales,NSW1,NCEN,500,0,0.00021331151960980437,-32.411671457,149.953266066
463,New South Wales,NSW1,NCEN,132,0,0.00235566876758975,-32.3480974999999,149.4613985
464,New South Wales,NSW1,NCEN,132,0,0.0011664834073224718,-32.7922622689999,151.679146853
465,New South Wales,NSW1,NCEN,132,0,0.006546722200853857,-32.772477914,151.859683391
466,New South Wales,NSW1,NCEN,132,0,0.001754377150521578,-32.347600596,151.928384629
467,New South Wales,NSW1,NCEN,132,0,0.0002865036083389609,-32.664616,149.107986
468,New South Wales,NSW1,NCEN,132,0,0.003841840331954656,-33.811732967,151.113785963
469,New South Wales,NSW1,SWNSW,220,0,0.002683544514218836,-31.986256867,141.419256085
470,New South Wales,NSW1,NCEN,330,0,0.0028200043406630257,-33.6570879999999,150.8434735
471,New South Wales,NSW1,NCEN,132,0,0.002647320633017287,-33.766423135,150.84823267
472,South Australia,SA1,NSA,275,0,0.0008344741470739625,-33.955729267,139.127240675
473,South Australia,SA1,NSA,132,0,0.0008344741470739625,-33.9724059019999,139.188510427
474,South Australia,SA1,NSA,132,0,0.0012457352963362886,-33.9704299369999,139.423169061
475,South Australia,SA1,NSA,132,0,0.0012457352963362886,-33.994699091,139.732317915
477,South Australia,SA1,NSA,132,0,0.0005701619553851211,-33.9658894949999,139.062939948
478,New South Wales,NSW1,NCEN,132,0,8.373671168166208e-07,-33.8393101689999,150.896546448
480,Queensland,QLD1,CQ,132,0,0.00023593309173361714,-23.6594284999999,149.409262
481,Queensland,QLD1,CQ,132,0,0.00023593309173361714,-23.7572294999999,149.344107
483,Queensland,QLD1,CQ,132,0,0.00023593309173361714,-23.8503672169999,149.470941643
486,Queensland,QLD1,CQ,132,0,0.00023593309173361714,-23.710725575,149.679790853
487,Queensland,QLD1,SEQ,110,0,0.012814821255168226,-27.662768,153.0375525
489,Queensland,QLD1,NQ,132,0,4.190109456134264e-07,-21.2882499999999,147.9421545
490,Queensland,QLD1,NQ,132,0,0.00013994965583488442,-21.658011713,147.969079133
491,Queensland,QLD1,SEQ,110,0,0.009104165073552125,-27.5372894999999,152.980463
492,Tasmania,TAS1,TAS,110,0,0.004196139010090606,-42.7794309999999,147.101065
493,Victoria,VIC1,MEL,500,0,0.08005382483338748,-38.085634274,145.266432148
494,Victoria,VIC1,MEL,220,0,0.02857266110489176,-38.2678605,145.201553
495,South Australia,SA1,NSA,275,0,0.0012146800833024254,-33.6312824999999,138.372536
496,Victoria,VIC1,MEL,220,0,0.013080103672077483,-38.281937435,145.208306881
498,New South Wales,NSW1,CAN,132,0,0.00027428425115282203,-35.2990895,148.2036495
499,New South Wales,NSW1,CAN,330,0,5.615011722209229e-05,-35.910907,148.386037
500,New South Wales,NSW1,CAN,330,0,0.00019749458518104597,-35.606473315,148.288657342
501,Australian Capital Territory,NSW1,CAN,330,0,0.001392262392893768,-35.2187855,148.996331
502,New South Wales,NSW1,CAN,132,0,0.0007290676363750045,-35.29615899,148.135481578
503,New South Wales,NSW1,CAN,132,0,0.0007259042494892528,-35.0009475219999,148.582465878
505,Queensland,QLD1,CQ,132,0,0.0009791238271621742,-24.2166438269999,148.637795294
506,New South Wales,NSW1,CAN,132,0,0.000471778836333868,-35.3986009999999,148.246272
507,New South Wales,NSW1,CAN,330,0,5.615011722209229e-05,-35.948974047,148.363594158
509,Queensland,QLD1,NQ,132,0,0.002937895245168539,-18.6648334999999,146.15603
510,Queensland,QLD1,NQ,275,0,0.001116559417323378,-18.3401529999999,146.0468315
511,New South Wales,NSW1,CAN,330,0,0.00019947945538387055,-34.6153365,150.0519305
512,New South Wales,NSW1,NCEN,132,0,0.008975210894009733,-34.0720909999999,150.7322595
513,New South Wales,NSW1,NCEN,132,0,0.0066024226209206215,-34.459151194,150.860491892
514,New South Wales,NSW1,NCEN,132,0,0.00022757777419260604,-34.522778,150.808056
515,New South Wales,NSW1,NCEN,132,0,0.0022304151874990076,-33.781790375,151.044373216
516,Queensland,QLD1,CQ,132,0,8.380218912268527e-07,-23.8568412879999,151.194178455
517,New South Wales,NSW1,NNS,330,0,0.0013347011570118553,-31.146812879,150.95136696
518,New South Wales,NSW1,NNS,132,0,0.006221203487590625,-31.1313473389999,150.924908954
519,New South Wales,NSW1,NCEN,132,0,0.0017253484238052685,-34.0510940729999,151.146906765
520,New South Wales,NSW1,NCEN,132,0,0.003545970617346117,-34.033885402,151.075455638
521,New South Wales,NSW1,NCEN,132,0,0.008433589437413975,-34.0271435,151.0802225
522,New South Wales,NSW1,NCEN,132,0,0.004007452939502832,-34.0151289409999,151.205888371
523,New South Wales,NSW1,NCEN,132,0,0.0017253484238052685,-34.0381056329999,151.144026659
524,New South Wales,NSW1,NCEN,132,0,0.004307354421710859,-34.0188376519999,151.027741182
525,New South Wales,NSW1,NCEN,132,0,0.0035465908892844994,-34.0148973779999,151.010518145
526,South Australia,SA1,NSA,132,0,0.006247534931236707,-34.699899,135.8047165
527,New South Wales,NSW1,NCEN,132,0,0.016484098925682807,-33.816795263,151.185399127
528,Queensland,QLD1,SEQ,275,0,0.021054671500656257,-27.6643339999999,153.13149
529,New South Wales,NSW1,NCEN,132,0,0.004468480395571401,-33.7808718869999,151.04493487
530,New South Wales,NSW1,NCEN,132,0,0.009051008124880097,-33.8704767959999,151.193566285
531,New South Wales,NSW1,NCEN,132,0,0.004321062431549116,-33.813617278,151.093670108
532,New South Wales,NSW1,NCEN,132,0,0.007896309884386896,-33.9550174679999,151.095829979
533,New South Wales,NSW1,NCEN,132,0,0.001197497004241606,-33.824878796,151.075787806
534,New South Wales,NSW1,NCEN,132,0,2.8946023791191833e-07,-33.885850723,151.064085403
535,New South Wales,NSW1,NCEN,132,0,0.00042246721723244475,-33.78641464,151.141656594
536,New South Wales,NSW1,NCEN,132,0,0.014283498142688726,-33.920786778,151.116048937
537,New South Wales,NSW1,NCEN,132,0,0.008493300949348947,-33.8260799999999,151.030447
538,New South Wales,NSW1,NCEN,330,0,0.00034741431268814024,-33.9155968979999,151.186663096
539,Queensland,QLD1,SEQ,275,0,0.01038790985817526,-27.62080037,152.878074098
540,New South Wales,NSW1,NNS,132,0,0.006278764723472537,-29.6161741289999,152.932859707
541,New South Wales,NSW1,NNS,132,0,0.0008666439523082834,-29.057552006,152.03918695
542,Queensland,QLD1,NQ,132,0,0.0036219306138824577,-19.2617789999999,146.8337675
543,Victoria,VIC1,MEL,220,0,0.058162987240888794,-37.877828698,145.084432334
544,Queensland,QLD1,CQ,132,0,0.0005316725136152363,-22.830493545,148.501746644
545,Queensland,QLD1,CQ,132,0,0.0005316725136152363,-22.547052884,148.406360918
546,Queensland,QLD1,NQ,132,0,0.00013994965583488442,-22.2183797389999,148.217892957
547,Queensland,QLD1,NQ,132,0,0.00013994965583488442,-22.174767784,148.189120628
548,Queensland,QLD1,CQ,132,0,0.0005316725136152363,-22.705549,148.4413925
549,Queensland,QLD1,NQ,132,0,0.00013994965583488442,-22.2319845,148.208301
550,Australian Capital Territory,NSW1,CAN,132,0,0.0016199642214740507,-35.310707871,149.142894979
551,Queensland,QLD1,SWQ,275,0,0.00033638960551928807,-27.107941663,150.711667401
552,Tasmania,TAS1,TAS,220,0,0.0002260794401788095,-42.4257885,146.5347265
553,Victoria,VIC1,CVIC,220,0,0.0038770456158329788,-35.7714665679999,143.933994837
554,Queensland,QLD1,SWQ,110,0,0.00373684436571694,-27.5847049999999,151.9429725
555,Queensland,QLD1,SWQ,110,0,0.00026259415961593435,-27.430561121,151.679359348
556,Queensland,QLD1,SWQ,110,0,0.0016387518082941106,-27.4795873849999,151.669626324
557,Queensland,QLD1,SWQ,110,0,0.0009413779244781646,-27.6134135,151.938155
558,Queensland,QLD1,SWQ,110,0,0.00038849298174124846,-27.721884589,151.531408909
559,Queensland,QLD1,SWQ,110,0,0.00228912663104375,-27.622298523,151.943671744
560,Queensland,QLD1,SWQ,110,0,0.00038849298174124846,-27.698265621,151.664052225
561,Queensland,QLD1,SWQ,330,0,0.00022612624031604576,-27.961542,151.278949
562,Queensland,QLD1,SWQ,330,0,0.00022612624031604576,-27.965247882,151.274312914
563,Queensland,QLD1,SWQ,330,0,0.0034388926658069923,-27.622983803,151.946518881
564,Queensland,QLD1,SWQ,110,0,0.00033638960551928807,-27.214079538,151.30951223
565,New South Wales,NSW1,NNS,132,0,0.0014443652357179135,-29.878941703,149.62345348
567,New South Wales,NSW1,NNS,132,0,0.00125394175063443,-29.485219249,149.855603284
569,New South Wales,NSW1,NCEN,132,0,0.0003417698380488578,-31.578327348,147.192327548
570,New South Wales,NSW1,NCEN,132,0,0.00017154240727911455,-31.835172195,147.722685632
571,New South Wales,NSW1,NCEN,132,0,0.0007287947167221162,-31.832499997,147.724332997
573,New South Wales,NSW1,NCEN,132,0,0.0015080051365959767,-31.552740361,147.08535195
574,New South Wales,NSW1,NCEN,330,0,0.003840599788077891,-33.7880079999999,150.6485235
575,New South Wales,NSW1,NCEN,132,0,0.012794349273019583,-33.7465860899999,150.692370939
576,New South Wales,NSW1,NCEN,132,0,0.010863690837609647,-33.781827031,150.968720906
577,New South Wales,NSW1,NCEN,132,0,0.0029562780855257012,-33.811944062,150.795353177
578,New South Wales,NSW1,NCEN,132,0,0.002039081970239229,-33.6281265,150.813457
579,Queensland,QLD1,NQ,110,0,0.00795869390098142,-18.329395779,143.521936903
581,Queensland,QLD1,SEQ,110,0,0.014958062241980902,-27.973284,153.40987
582,Queensland,QLD1,SEQ,110,0,0.009245895525905866,-27.4756199999999,153.0127615
583,South Australia,SA1,NSA,275,0,0.0,-32.931548015,137.544810034
584,South Australia,SA1,NSA,275,0,0.001392488321966342,-32.537009554,137.813
585,South Australia,SA1,NSA,275,0,0.0026544859696074293,-32.539279,137.78188
586,South Australia,SA1,NSA,132,0,0.0,-32.986950174,137.774116821
587,South Australia,SA1,NSA,275,0,0.001392488321966342,-32.5432541879999,137.788204203
588,South Australia,SA1,NSA,275,0,0.001392488321966342,-32.53832346,137.783810616
589,New South Wales,NSW1,NNS,330,0,0.0020194813769863363,-30.532698749,151.712995232
590,New South Wales,NSW1,NNS,132,0,0.0022579139101006392,-30.5174555579999,151.566988475
591,Queensland,QLD1,SEQ,110,0,0.0016674540580686303,-27.593918619,152.818228394
592,South Australia,SA1,NSA,132,0,0.005231382889616059,-33.0523594269999,135.452374242
593,Tasmania,TAS1,TAS,110,0,0.008647156523792745,-42.4998624999999,147.9092015
594,South Australia,SA1,NSA,275,0,0.0027914423980659173,-33.195418,138.067305
595,South Australia,SA1,NSA,132,0,0.0009199004744100149,-33.7111120009999,138.11864901
596,New South Wales,NSW1,NCEN,330,0,0.0003624869207908394,-34.73369,150.46687
597,Queensland,QLD1,SEQ,110,0,0.010540010831432934,-28.0074435,153.3386125
598,Queensland,QLD1,SEQ,110,0,0.003351459048488991,-28.0697084999999,153.3763475
599,Queensland,QLD1,SEQ,275,0,0.010528488030428565,-28.093811,153.3972585
600,New South Wales,NSW1,NNS,132,0,0.0017427160380799835,-28.8903516309999,153.048542041
601,New South Wales,NSW1,NNS,330,0,0.0016560640482879228,-28.890469034,153.188638202
602,New South Wales,NSW1,NNS,132,0,0.0026439091373561823,-28.8189285779999,153.243450103
603,New South Wales,NSW1,NNS,132,0,0.006125061337141309,-28.6921472299999,153.313143265
604,New South Wales,NSW1,NNS,132,0,0.004002676845577285,-28.241148568,153.503547928
605,New South Wales,NSW1,NNS,132,0,0.005027800278142344,-28.5712045619999,153.45279603
606,Queensland,QLD1,SEQ,110,0,0.008112470918021548,-28.0351827659999,153.407436941
607,New South Wales,NSW1,NCEN,132,0,0.002683420459831159,-33.244678979,151.492090369
608,New South Wales,NSW1,SWNSW,132,0,0.0008080075783998405,-34.741013019,145.953707039
609,New South Wales,NSW1,NCEN,500,0,0.00019947945538387055,-34.4417455,150.051059
610,Victoria,VIC1,LVIC,220,0,0.00026383279186846986,-38.2571644999999,146.4208465
612,South Australia,SA1,NSA,132,0,0.004166296845123442,-34.429165,137.888842
613,South Australia,SA1,NSA,132,0,0.0011550188065275907,-34.936008,137.7442405
614,Queensland,QLD1,NQ,132,0,0.0060893813198635224,-15.8722963069999,144.861726838
615,Tasmania,TAS1,TAS,220,0,0.002093875301821316,-41.48057641,146.134252704
616,Queensland,QLD1,CQ,275,0,8.380218912268527e-07,-23.855930185,151.192377216
617,Victoria,VIC1,MEL,220,0,0.002655745676133708,-38.2329705,142.932312
618,Victoria,VIC1,MEL,500,0,0.000793309973346585,-38.179169622,142.181073307
619,Victoria,VIC1,MEL,500,0,0.0010473016379023157,-38.06221891,142.670380714
620,Victoria,VIC1,MEL,220,0,0.006325335044387399,-38.063169322,142.667478911
621,Victoria,VIC1,MEL,500,0,0.0034835326189920374,-38.064804309,142.184360247
622,Queensland,QLD1,NQ,275,0,0.0004421613003585682,-21.6317266569999,148.683198741
623,Tasmania,TAS1,TAS,220,0,0.03482479199978318,-41.0759478799999,145.891126782
624,Tasmania,TAS1,TAS,220,0,0.0009642365668274226,-41.7344679999999,145.5309725
625,Tasmania,TAS1,TAS,220,0,0.0009642365668274226,-41.812870292,145.65381993
626,Tasmania,TAS1,TAS,110,0,0.0038115628375527005,-41.488735,145.4826995
627,South Australia,SA1,SESA,132,0,0.003897674150679111,-36.1079139,140.299088661
628,New South Wales,NSW1,NCEN,132,0,0.001109852579348133,-33.8331796489999,151.072999447
629,New South Wales,NSW1,NCEN,132,0,0.004041009651369335,-33.909084299,151.195262003
630,South Australia,SA1,SESA,132,0,0.008694675921707948,-36.965143,140.68796
631,New South Wales,NSW1,NCEN,132,0,0.0033798617922472345,-33.6312695,151.1459305
632,New South Wales,NSW1,NCEN,132,0,0.003747683051708165,-33.92716991,151.230016571
633,New South Wales,NSW1,NCEN,132,0,0.001109852579348133,-33.8358839439999,151.051354246
634,New South Wales,NSW1,NCEN,132,0,0.00043437643844939223,-33.005325,151.5577885
635,New South Wales,NSW1,NNS,132,0,0.002718775960318972,-30.9773314409999,150.339748919
636,South Australia,SA1,ADE,275,0,0.06491911047681412,-34.8475134999999,138.633938
637,South Australia,SA1,ADE,275,0,0.1236822352229598,-34.939635,138.5798455
638,South Australia,SA1,ADE,275,0,0.0187809584716368,-34.8078616779999,138.523151547
639,New South Wales,NSW1,NCEN,330,0,0.0002865036083389609,-32.5271702819999,148.963164668
640,New South Wales,NSW1,NCEN,132,0,0.0002865036083389609,-32.570350423,148.954736143
641,New South Wales,NSW1,NCEN,132,0,0.0024965945519902955,-32.2487590109999,148.629355827
642,New South Wales,NSW1,NCEN,132,0,0.0015913696851146092,-32.2402362139999,148.580429706
643,New South Wales,NSW1,NCEN,132,0,0.00017154240727911455,-32.258638732,148.262824666
644,New South Wales,NSW1,NCEN,132,0,0.00171133027799782,-32.2693608169999,148.629874905
645,New South Wales,NSW1,NCEN,132,0,0.00017154240727911455,-32.258429339,148.263509951
646,New South Wales,NSW1,NCEN,132,0,0.0013214273375304658,-32.9169904999999,148.052871
647,New South Wales,NSW1,NCEN,132,0,0.00017154240727911455,-32.2360576469999,148.246882277
648,Queensland,QLD1,NQ,132,0,0.0022813050933923,-19.200115887,146.619443326
649,South Australia,SA1,NSA,132,0,0.001392488321966342,-31.819052911,138.072232067
650,South Australia,SA1,NSA,132,0,0.001392488321966342,-31.838215971,138.110481326
651,South Australia,SA1,SESA,132,0,0.005668115191524456,-37.8389319999999,140.804478
652,South Australia,SA1,SESA,132,0,0.009020902607521085,-37.8254425,140.731522
653,South Australia,SA1,SESA,132,0,0.0009234272493917785,-37.457059504,140.781707593
654,South Australia,SA1,SESA,132,0,0.0010112047600490067,-37.6642355,140.4166225
655,South Australia,SA1,SESA,132,0,0.0028374864047722758,-37.664550618,140.415557539
656,South Australia,SA1,SESA,132,0,0.0009234272493917785,-37.456673,140.782692
657,South Australia,SA1,SESA,275,0,0.005668115191524456,-37.7333629999999,140.840427
658,South Australia,SA1,SESA,132,0,0.0010112047600490067,-37.664542608,140.417059706
659,Queensland,QLD1,SWQ,330,0,0.00022612624031604576,-27.9211175899999,150.843106929
660,Queensland,QLD1,SWQ,330,0,0.00033638960551928807,-27.114229,150.9002875
661,Queensland,QLD1,SWQ,275,0,0.00033638960551928807,-27.110934028,150.905336915
662,Queensland,QLD1,SWQ,275,0,0.00033638960551928807,-27.112811268,150.904878261
663,Queensland,QLD1,SWQ,275,0,0.00033638960551928807,-27.230433621,150.849804519
664,Queensland,QLD1,SWQ,275,0,0.00033638960551928807,-27.3048155719999,150.873646718
666,New South Wales,NSW1,CAN,330,0,5.615011722209229e-05,-35.881384102,148.367217376
667,New South Wales,NSW1,CAN,330,0,0.00019749458518104597,-35.611217729,148.291684576
668,Queensland,QLD1,SWQ,275,0,0.00033638960551928807,-27.116891413,150.894217018
669,New South Wales,NSW1,NCEN,132,0,0.011448483221116839,-32.9351359999999,151.736474
670,New South Wales,NSW1,NCEN,132,0,0.005524141883236166,-33.942310119,151.237997497
671,Queensland,QLD1,SEQ,275,0,0.0019329673272723382,-25.6905412309999,152.247576112
672,Queensland,QLD1,SEQ,132,0,0.0005630110405892406,-25.510958036,152.349032886
673,Queensland,QLD1,SEQ,132,0,0.0020889790693557372,-25.2551794999999,152.3666995
674,Queensland,QLD1,SEQ,132,0,0.0011166292524809804,-25.5987797289999,152.593984582
675,Tasmania,TAS1,TAS,110,0,0.0002260794401788095,-42.30038859,146.457785528
676,Tasmania,TAS1,TAS,110,0,0.0010430660787039006,-42.6111989999999,146.845676
677,Queensland,QLD1,SEQ,132,0,0.019135706122483165,-25.498307381,152.667339926
678,New South Wales,NSW1,NCEN,132,0,0.002111529732642326,-33.1888593319999,151.577413452
679,Victoria,VIC1,CVIC,220,0,0.019145417828176803,-36.784024498,144.253589775
680,New South Wales,NSW1,SWNSW,132,0,0.003264408508782938,-36.0538175,146.952647
681,Victoria,VIC1,NVIC,330,0,0.007039925434636972,-36.1548151279999,146.950148462
682,Victoria,VIC1,NVIC,330,0,0.0022681769843809984,-36.454287,146.990813
683,Victoria,VIC1,NVIC,220,0,0.006896752600654705,-36.4935028689999,146.131972387
684,New South Wales,NSW1,NCEN,132,0,0.00020106114882674638,-33.657969189,151.040965801
686,Australian Capital Territory,NSW1,CAN,132,0,0.0035359222119443175,-35.2462077449999,149.108617474
688,New South Wales,NSW1,CAN,132,0,0.00020642650109375658,-35.113537669,149.1823571
689,Australian Capital Territory,NSW1,CAN,132,0,0.0047843435423271415,-35.459639302,149.117316769
690,Australian Capital Territory,NSW1,CAN,132,0,5.390163144545507e-05,-35.331648172,149.180748152
691,Australian Capital Territory,NSW1,CAN,132,0,0.006719157799724242,-35.3398316349999,149.216890088
692,New South Wales,NSW1,CAN,330,0,0.0004619785397074216,-35.18739877,149.523009338
693,Australian Capital Territory,NSW1,CAN,330,0,5.768529026958943e-06,-35.5853280169999,149.13332397
694,Australian Capital Territory,NSW1,CAN,132,0,0.006116749693166981,-35.3841048699999,149.095485424
695,Australian Capital Territory,NSW1,CAN,132,0,0.006040828407908941,-35.333669545,149.070424987
696,Tasmania,TAS1,TAS,110,0,0.03808078422566619,-41.423233438,147.112438629
697,Tasmania,TAS1,TAS,220,0,0.03264606474043043,-41.50146,147.095381
698,Tasmania,TAS1,TAS,110,0,0.04182265876349726,-41.473354,147.1848515
699,Tasmania,TAS1,TAS,110,0,0.007090784496676253,-41.785281647,147.727584188
700,Tasmania,TAS1,TAS,110,0,0.041623272794849245,-41.409230408,147.136422383
701,Tasmania,TAS1,TAS,110,0,0.034724131122407485,-41.4396768669999,147.176007332
703,Queensland,QLD1,CQ,132,0,8.380218912268527e-07,-23.831250887,151.152730566
704,New South Wales,NSW1,NCEN,132,0,0.009951891088187104,-33.8874968819999,151.018499002
705,Tasmania,TAS1,TAS,110,0,0.032308270065390846,-41.1715935,146.1622845
706,Tasmania,TAS1,TAS,220,0,0.007915429376715587,-41.811572708,146.919037642
707,Tasmania,TAS1,TAS,110,0,0.0002260794401788095,-41.988021992,146.861992662
708,Tasmania,TAS1,TAS,400,0,0.0010718724195279885,-41.1143705,146.8921315
709,Tasmania,TAS1,TAS,220,0,0.00290464704811977,-41.3357665,146.306969
710,Tasmania,TAS1,TAS,220,0,0.002093875301821316,-41.478738,146.134909
711,Tasmania,TAS1,TAS,220,0,0.003802851800087496,-41.7872955,146.9902045
712,New South Wales,NSW1,NCEN,330,1,0.001009492579717815,-33.816076513,150.827946432
713,Tasmania,TAS1,TAS,220,1,0.0010718724195279885,-41.1285675,146.8853275
714,Tasmania,TAS1,TAS,220,0,0.002093875301821316,-41.6041695399999,146.139059279
715,New South Wales,NSW1,NCEN,132,0,0.014386339230072575,-33.9309484029999,150.871777277
716,New South Wales,NSW1,NCEN,330,0,0.0005390163144545507,-33.402823634,150.083345032
717,Queensland,QLD1,SEQ,275,0,0.001903566725921796,-24.901506,151.81927
718,Queensland,QLD1,SEQ,132,0,0.00042487709885201435,-24.462746191,151.680811993
719,New South Wales,NSW1,NCEN,132,0,0.000548320393530291,-33.7607869399999,150.853430061
720,Queensland,QLD1,SEQ,132,0,0.00042634363716166136,-24.466412071,151.66671572
721,New South Wales,NSW1,NCEN,132,0,0.001293018882752539,-33.7291127889999,150.978163057
722,Queensland,QLD1,SEQ,132,0,0.00042487709885201435,-24.4650604999999,151.667376
723,New South Wales,NSW1,NCEN,132,0,8.270292511769095e-07,-33.813312191,150.836804226
724,Queensland,QLD1,SWQ,275,0,8.401169459549198e-05,-26.2676808059999,149.768243396
725,Queensland,QLD1,SWQ,275,0,8.401169459549198e-05,-26.1910819559999,149.417452874
726,Queensland,QLD1,SWQ,132,0,8.401169459549198e-05,-26.286074895,149.67514639
727,Queensland,QLD1,SEQ,132,0,0.006732877379589342,-27.5989865289999,153.031526307
728,Queensland,QLD1,SEQ,110,0,0.004674590861999788,-27.8091422049999,153.044262282
729,Queensland,QLD1,SWQ,132,0,8.401169459549198e-05,-26.248106873,149.498716404
730,Queensland,QLD1,SEQ,110,0,0.01298850129212499,-27.6153135,153.1212665
731,Queensland,QLD1,SEQ,132,0,0.023403437356292318,-27.220298,153.04766
732,Queensland,QLD1,SEQ,110,0,0.006560454375469417,-27.5260719999999,153.007643
733,Queensland,QLD1,SWQ,132,0,8.401169459549198e-05,-26.3555640069999,149.417754399
734,New South Wales,NSW1,SWNSW,132,0,0.0017773272122417372,-36.1054095929999,147.03255616
735,Victoria,VIC1,NVIC,220,0,0.0002615833913398438,-36.7438865,147.1658615
736,Victoria,VIC1,NVIC,220,0,0.0002615833913398438,-36.80546098,147.228033995
737,Victoria,VIC1,NVIC,220,0,0.0002615833913398438,-36.804819004,147.230569034
738,Victoria,VIC1,NVIC,220,0,0.0002615833913398438,-36.7600659999999,147.186048
739,Victoria,VIC1,NVIC,220,0,0.0009736771734523597,-36.55642936,147.520579928
740,Victoria,VIC1,NVIC,220,0,0.005640500147036631,-36.858394,147.234542
741,Queensland,QLD1,SEQ,110,0,0.0007120043493336148,-27.578066889,152.770744345
742,Victoria,VIC1,MEL,220,0,0.04251239621137167,-37.84158,144.788711
744,New South Wales,NSW1,NCEN,132,0,0.0010396998231170518,-31.6529665699999,151.502514595
745,Queensland,QLD1,SEQ,110,0,0.01730640908667135,-27.583291,153.070379
746,Queensland,QLD1,NQ,132,0,0.00115594644621104,-17.062585441,145.434545557
747,Queensland,QLD1,NQ,275,0,0.001116559417323378,-17.9548685469999,145.909403489
748,Queensland,QLD1,NQ,132,0,0.002872948548598458,-17.535225,145.9733235
749,Queensland,QLD1,NQ,275,0,0.0012006758646552734,-17.8006502389999,145.526572376
750,Queensland,QLD1,NQ,132,0,0.005192278885305176,-17.0627605,145.4351255
751,Queensland,QLD1,NQ,132,0,0.0008130907399628539,-17.767349496,145.57910341
753,New South Wales,NSW1,NCEN,132,0,0.009924971286061296,-33.73870892,151.057518482
754,South Australia,SA1,NSA,132,0,0.0012457352963362886,-34.020784706,139.687323322
755,South Australia,SA1,ADE,132,0,0.005611216555152003,-34.9190522879999,139.307536146
756,South Australia,SA1,ADE,132,0,0.0021067778149395366,-34.917069,139.2644765
757,South Australia,SA1,ADE,132,0,0.0008778730725439982,-34.851558143,139.134041902
758,South Australia,SA1,ADE,132,0,0.0008778730725439982,-34.857425377,139.167599783
759,South Australia,SA1,ADE,275,0,0.0013646659859990955,-34.877748911,139.059503574
760,South Australia,SA1,ADE,132,0,0.0008778730725439982,-34.8502206169999,139.133855889
761,Queensland,QLD1,CQ,132,0,0.00023593309173361714,-24.190893,149.8741115
762,New South Wales,NSW1,CAN,132,0,0.000631271427423335,-35.3367330479999,150.39873185
763,New South Wales,NSW1,CAN,132,0,0.0020692271864446274,-35.7179049279999,150.175248691
764,New South Wales,NSW1,CAN,132,0,0.0012480698429510743,-35.344677035,150.397837191
765,New South Wales,NSW1,CAN,132,0,0.0037138162038724705,-35.023413105,150.575694999
766,Queensland,QLD1,NQ,132,0,0.000569016864143033,-22.4786050189999,147.699278498
767,Queensland,QLD1,CQ,132,0,0.0004290672083081486,-22.8497046009999,147.610905733
768,Queensland,QLD1,NQ,132,0,0.00013994965583488442,-22.0602007909999,147.992074285
769,New South Wales,NSW1,CAN,132,0,0.002928551929879995,-35.875373924,150.090989764
770,New South Wales,NSW1,CAN,132,0,0.0006265573606916267,-35.351231846,150.462920372
771,Tasmania,TAS1,TAS,110,0,0.027772723225174503,-41.592280365,148.183671488
772,New South Wales,NSW1,NCEN,132,0,0.007178655251678133,-34.3414144999999,150.8818505
773,New South Wales,NSW1,NCEN,132,0,0.00509280477728485,-34.8905533409999,150.592285546
774,Victoria,VIC1,LVIC,500,0,0.0009115167259582792,-38.256447,146.58637
775,Victoria,VIC1,LVIC,500,0,0.0009115167259582792,-38.253622,146.589166
776,Victoria,VIC1,LVIC,220,0,0.00026383279186846986,-38.2588284999999,146.4198975
777,New South Wales,NSW1,NCEN,132,0,0.0016906131952558383,-33.3500079999999,151.370504
778,Tasmania,TAS1,TAS,110,0,0.012287817102504294,-41.1428963559999,146.902997533
779,Tasmania,TAS1,TAS,110,0,0.042105283534590546,-41.1961034999999,146.3408765
780,Tasmania,TAS1,TAS,110,0,0.003165010279024208,-41.2829355,146.2495775
781,Tasmania,TAS1,TAS,110,0,0.009133038835740803,-41.3340803149999,146.423334891
782,Tasmania,TAS1,TAS,110,0,0.003165010279024208,-41.282616047,146.248964079
783,Queensland,QLD1,CQ,132,0,8.380218912268527e-07,-23.83082632,151.165384067
784,Queensland,QLD1,CQ,132,0,0.00040005070032441884,-23.4440405,150.5073645
785,New South Wales,NSW1,CAN,330,0,0.0015588054083495184,-34.8625993319999,148.904062828
786,New South Wales,NSW1,CAN,132,0,0.0032452627816181925,-34.5416514999999,148.3133775
787,Queensland,QLD1,SEQ,110,0,0.020259179220409165,-27.4850175,153.0406545
789,New South Wales,NSW1,NCEN,132,0,0.005227527842301568,-33.648113172,151.120477504
790,New South Wales,NSW1,NCEN,132,0,0.015541161524953452,-33.420996708,151.331710089
791,Queensland,QLD1,SEQ,110,0,0.0005304678571465978,-27.4674125,153.018453
792,New South Wales,NSW1,NCEN,132,0,0.0011838923730597458,-33.8672695,151.203174
793,New South Wales,NSW1,NCEN,132,0,0.0005515768212068001,-33.879796229,151.207376953
795,South Australia,SA1,ADE,132,0,0.009220459291905878,-34.8500812889999,138.80478184
796,South Australia,SA1,ADE,275,0,0.00897769961399448,-34.806844,138.521322
797,South Australia,SA1,ADE,275,0,0.008006562936377177,-34.7649719999999,138.505325
798,South Australia,SA1,NSA,275,0,0.0065708226378983735,-34.4626665,138.771348
799,Queensland,QLD1,NQ,132,0,0.004786152526269362,-19.32044616,146.717952717
800,Victoria,VIC1,MEL,220,0,0.05524654132731407,-37.8311354099999,145.001580924
801,Queensland,QLD1,NQ,132,0,0.0008130907399628539,-17.8096391129999,146.025579696
802,Australian Capital Territory,NSW1,CAN,132,0,0.0015864075096075477,-35.410281691,149.141286574
804,New South Wales,NSW1,CAN,132,0,0.00020642650109375658,-35.11288559,149.166485642
806,Victoria,VIC1,CVIC,220,0,0.008455773988009656,-34.2918425,142.239323
807,New South Wales,NSW1,SWNSW,220,0,0.0016197161126986976,-34.1028295159999,142.259513023
808,Victoria,VIC1,CVIC,220,0,0.0005793149901702423,-34.7848569999999,142.5214605
809,South Australia,SA1,NSA,132,0,0.00037457289285481275,-30.56996914,138.396660661
810,South Australia,SA1,NSA,132,0,0.0009877908928089649,-30.523788,138.387774
811,South Australia,SA1,NSA,132,0,0.00037457289285481275,-30.570263,138.393565
812,Queensland,QLD1,SWQ,132,0,8.401169459549198e-05,-26.64841094,150.278592018
813,Queensland,QLD1,SWQ,275,0,0.00033638960551928807,-26.930979416,150.733529261
814,Queensland,QLD1,SWQ,132,0,0.0008174903548917949,-26.7444993239999,150.645175276
815,Queensland,QLD1,SWQ,275,0,0.00033638960551928807,-26.918677916,150.748121302
816,Queensland,QLD1,SWQ,275,0,8.401169459549198e-05,-26.649153332,150.280098217
817,Queensland,QLD1,SWQ,132,0,0.0009019210604329003,-26.930995728,150.222061973
818,Queensland,QLD1,SWQ,132,0,8.401169459549198e-05,-26.672800415,150.226392592
819,Queensland,QLD1,SWQ,132,0,8.401169459549198e-05,-26.6682222119999,150.270014465
820,Queensland,QLD1,SWQ,132,0,0.0008174903548917949,-26.8940618089999,150.550589808
821,Queensland,QLD1,SWQ,132,0,8.401169459549198e-05,-26.796913101,150.205762665
822,Queensland,QLD1,NQ,132,0,0.0009061111698890345,-20.388700323,148.539450702
823,Queensland,QLD1,NQ,132,0,0.00345223118090902,-20.388501,148.539783
824,Queensland,QLD1,NQ,132,0,0.0019976346832120103,-20.0178309209999,148.16751337
825,Tasmania,TAS1,TAS,110,0,0.0002260794401788095,-42.2966709999999,146.456543
826,Queensland,QLD1,SWQ,110,0,0.009420623090226666,-27.562210858,151.950530532
827,New South Wales,NSW1,NCEN,132,0,0.0010495621469373364,-32.5314074999999,151.076202
828,New South Wales,NSW1,NCEN,330,0,0.001891870763529739,-32.890168,151.7099465
829,Tasmania,TAS1,TAS,220,0,0.0009642365668274226,-41.72376958,145.13594835
830,Tasmania,TAS1,TAS,110,0,0.0009642365668274226,-41.699749738,145.646118575
831,Queensland,QLD1,SWQ,110,0,0.005129741501672372,-28.1968785,152.05077
832,Tasmania,TAS1,TAS,110,0,0.0038115628375527005,-41.4875749999999,145.2123595
833,New South Wales,NSW1,NCEN,132,0,0.0003662085524211355,-32.670549729,151.703670332
834,Queensland,QLD1,NQ,132,0,0.00013994965583488442,-21.643085578,148.011190289
835,Queensland,QLD1,NQ,132,0,0.00044258031130418163,-21.573503713,148.384465769
836,Queensland,QLD1,NQ,132,0,0.00013994965583488442,-21.9865469329999,148.024670309
837,Queensland,QLD1,NQ,132,0,0.00013994965583488442,-21.9129771679999,148.352802183
838,Queensland,QLD1,NQ,132,0,0.00013994965583488442,-21.692172,148.210693
839,Queensland,QLD1,NQ,132,0,0.00013994965583488442,-21.8132952729999,148.132639491
840,Queensland,QLD1,NQ,275,0,0.0004421613003585682,-21.630021139,148.682714057
841,Queensland,QLD1,NQ,132,0,0.0018155220509747747,-21.776004074,148.885454064
842,Queensland,QLD1,NQ,132,0,0.00013994965583488442,-21.717932747,148.023363999
843,Queensland,QLD1,NQ,132,0,0.00013994965583488442,-21.9791382069999,148.228276577
844,New South Wales,NSW1,NCEN,132,0,0.0003459049843047424,-33.35124294,150.022645934
845,New South Wales,NSW1,NCEN,132,0,0.005219960524653299,-33.733037581,150.602966475
846,New South Wales,NSW1,NCEN,132,0,0.0008603171785367801,-33.6684623629999,150.331807464
847,New South Wales,NSW1,NCEN,132,0,0.008935141326790212,-33.763580373,150.792081458
848,New South Wales,NSW1,NCEN,132,0,8.270292511769095e-07,-33.812515,150.861683
849,New South Wales,NSW1,NCEN,132,0,0.002216975962167382,-33.720701,150.425736
850,New South Wales,NSW1,NCEN,132,0,0.000548320393530291,-33.760384803,150.850825228
851,New South Wales,NSW1,NCEN,132,0,0.002077042612868249,-33.6922300419999,150.907974482
853,New South Wales,NSW1,NCEN,132,0,0.0003337683300437212,-33.882489656,150.597350212
854,Queensland,QLD1,SEQ,110,0,0.012798479828289301,-27.501353551,153.122691853
855,Queensland,QLD1,SEQ,110,0,0.005997617922774182,-27.724423455,153.208252275
856,Queensland,QLD1,SEQ,275,0,0.0005767087079303653,-27.658893,152.814541
857,Queensland,QLD1,SEQ,275,0,0.000946475890983128,-27.3830634999999,152.647549
858,Queensland,QLD1,SEQ,110,0,0.000946475890983128,-27.499524,152.452403
859,Queensland,QLD1,SEQ,110,0,0.011303448774340598,-27.065143,152.963132
860,Queensland,QLD1,SEQ,110,0,0.010642354254899013,-27.9649034999999,152.992965
861,Victoria,VIC1,MEL,220,0,0.013646680865630085,-38.082624,144.3384975
862,Victoria,VIC1,MEL,500,0,0.006233622908740395,-38.037,144.2968085
863,Victoria,VIC1,MEL,220,0,0.020630135401928856,-38.135029194,144.422282569
864,Victoria,VIC1,MEL,220,0,0.00541203502690265,-38.385479513,144.183685692
865,New South Wales,NSW1,NCEN,132,0,0.0029843143771405983,-33.811723,151.145072
866,Tasmania,TAS1,TAS,110,0,0.03649247172784395,-42.8606169999999,147.407549
867,Tasmania,TAS1,TAS,110,0,0.016227694904623814,-42.835935473,147.316465
868,South Australia,SA1,NSA,132,0,0.0017848420386875465,-33.9030999999999,138.7383
869,New South Wales,NSW1,NCEN,132,0,0.006957714387226221,-33.966294472,151.062663934
870,South Australia,SA1,NSA,132,0,0.0009199004744100149,-33.713542447,138.140393625
871,South Australia,SA1,NSA,132,0,0.0005701619553851211,-33.989832,138.8765395
872,Queensland,QLD1,SWQ,110,0,0.0023757920616281273,-28.6453205,151.916848
873,New South Wales,NSW1,NNS,132,0,0.0015437328002468192,-30.3169637679999,149.797713302
874,New South Wales,NSW1,NCEN,132,0,0.000809175757217128,-33.7431515869999,151.196855137
875,New South Wales,NSW1,NNS,330,0,0.0034468511615925643,-30.252837459,153.036910294
876,New South Wales,NSW1,NNS,132,0,0.0013273819481389396,-30.4626460229999,153.001293876
877,New South Wales,NSW1,NNS,132,0,0.005994928284468622,-30.345123374,153.067310485
878,New South Wales,NSW1,NCEN,330,0,0.0021842256038207765,-33.308009,151.4334605
879,South Australia,SA1,ADE,275,0,0.006035193687543021,-35.270796138,139.492437601
880,South Australia,SA1,ADE,132,0,0.001382495792851345,-35.0570348689999,139.016460713
881,South Australia,SA1,ADE,132,0,0.00310926360350585,-35.095553471,139.287469878
882,South Australia,SA1,ADE,132,0,0.0021067778149395366,-35.0645989999999,139.2664035
883,South Australia,SA1,ADE,132,0,0.0021067778149395366,-35.093372131,139.209850528
884,South Australia,SA1,ADE,132,0,0.0017880749157541632,-35.0961086039999,139.012765382
885,South Australia,SA1,NSA,132,0,0.002372784817939059,-34.7003344409999,135.804423826
886,South Australia,SA1,NSA,132,0,0.002372784817939059,-34.850022,135.594413
887,Queensland,QLD1,NQ,132,0,0.0041225439411540984,-21.1595659999999,149.01417
888,Queensland,QLD1,NQ,132,0,0.0012838495373595385,-21.469026868,149.233847197
889,Queensland,QLD1,NQ,132,0,0.0068273643478251695,-21.1451109999999,149.15861
890,Queensland,QLD1,NQ,132,0,0.00034819809580475733,-21.3243155,149.1918295
891,Queensland,QLD1,NQ,132,0,0.010379529639262992,-21.113055055,149.209544588
892,Queensland,QLD1,NQ,132,0,0.00034819809580475733,-21.296261655,149.269209572
893,New South Wales,NSW1,NCEN,132,0,0.0035516771191792377,-34.459172559,150.860500514
894,New South Wales,NSW1,NCEN,132,0,0.0014938629364008515,-34.522247412,150.80715372
895,New South Wales,NSW1,NCEN,132,0,9.924351014122914e-07,-34.4724701119999,150.900210584
896,New South Wales,NSW1,NCEN,132,0,0.00257450070745116,-34.24039082,150.949199567
897,New South Wales,NSW1,NCEN,132,0,0.003928120158583687,-34.5830695229999,150.777055177
899,New South Wales,NSW1,NCEN,330,0,0.0008183867955021107,-34.72297,150.47953
900,New South Wales,NSW1,NCEN,132,0,0.0011860840005753646,-34.0734399999999,150.742689
901,New South Wales,NSW1,NCEN,132,0,0.0029633491856232634,-34.5830695229999,150.776983793
902,New South Wales,NSW1,NCEN,500,0,0.00019947945538387055,-34.447087407,150.052456815
903,Tasmania,TAS1,TAS,220,0,0.005512150929370906,-41.673307337,146.268347737
904,Queensland,QLD1,CQ,132,0,8.380218912268527e-07,-23.826261099,151.202091265
905,New South Wales,NSW1,NCEN,500,0,0.00021684706965858564,-33.0609969999999,151.5154645
906,Queensland,QLD1,SEQ,110,0,0.007352804073624406,-27.441208391,153.038782118
907,New South Wales,NSW1,NCEN,132,0,0.000809175757217128,-33.738773432,151.204087055
908,New South Wales,NSW1,NCEN,132,0,0.0012189997647722058,-33.8164461759999,151.010113781
909,New South Wales,NSW1,NCEN,500,0,0.00021684706965858564,-33.0620749239999,151.520647915
910,New South Wales,NSW1,NCEN,132,0,0.0003455534968729922,-33.9143327149999,151.187903696
911,New South Wales,NSW1,NCEN,132,0,0.011745965642765173,-33.936978145,151.039272709
912,New South Wales,NSW1,NCEN,132,0,0.003323292991466734,-33.267195145,151.437880543
913,New South Wales,NSW1,NCEN,132,0,0.005999332215231139,-33.814705257,151.140727148
914,South Australia,SA1,ADE,132,0,0.0013646659859990955,-34.8473059999999,138.936869
915,New South Wales,NSW1,NCEN,132,0,0.004417080527610756,-33.8834760729999,151.246688944
916,New South Wales,NSW1,NCEN,330,0,0.00035107391712459803,-33.2098015349999,151.54010284
917,Queensland,QLD1,SEQ,110,0,0.01119303939017146,-27.4167558619999,152.906144685
918,Queensland,QLD1,SEQ,275,0,0.0005767087079303653,-27.6553743109999,152.817938156
919,New South Wales,NSW1,NNS,132,0,0.0016619566317025583,-28.8981754549999,153.045284121
920,Queensland,QLD1,SEQ,110,0,0.0018069847029579013,-27.464933,153.0283715
921,Australian Capital Territory,NSW1,CAN,132,0,5.390163144545507e-05,-35.331606724,149.180978503
922,New South Wales,NSW1,SWNSW,132,0,0.0024840650588349653,-35.5572150959999,145.031314472
923,New South Wales,NSW1,SWNSW,132,0,0.0006005472907421128,-35.6397883029999,145.512743451
924,New South Wales,NSW1,SWNSW,132,0,0.0007901023951118604,-35.973376473,145.999588995
925,New South Wales,NSW1,SWNSW,132,0,0.0012625015033841112,-35.9555058939999,145.983202899
926,New South Wales,NSW1,SWNSW,132,0,0.0006005472907421128,-35.638427,145.5132195
927,South Australia,SA1,NSA,132,0,0.0038653453800129444,-35.110350449,137.705777764
928,Queensland,QLD1,CQ,275,0,0.0002189681366618164,-24.3343189999999,150.628405
929,Queensland,QLD1,CQ,132,0,0.0002189681366618164,-24.386390138,150.502034221
930,Queensland,QLD1,CQ,275,0,0.0002189681366618164,-24.3426034999999,150.6274575
931,Queensland,QLD1,CQ,275,0,0.0002189681366618164,-24.3448799999999,150.619749
932,Queensland,QLD1,CQ,132,0,0.001872978926892016,-24.5138434739999,150.065439636
933,Queensland,QLD1,CQ,275,0,0.0002189681366618164,-24.3449459999999,150.618181
934,Queensland,QLD1,CQ,132,0,0.0002189681366618164,-24.4015874999999,150.508116
935,New South Wales,NSW1,NCEN,330,0,0.0015323197965805778,-33.211691,151.541837
936,Tasmania,TAS1,TAS,110,0,0.0002260794401788095,-42.301208,146.457156
937,New South Wales,NSW1,NCEN,132,0,0.004820257287559499,-33.8916292019999,151.26049957
938,Tasmania,TAS1,TAS,220,0,0.0009642365668274226,-42.154834584,145.534476782
939,Tasmania,TAS1,TAS,110,0,0.0009642365668274226,-42.066135,145.56022
940,Tasmania,TAS1,TAS,220,0,1.1614716620272323e-05,-42.7404969999999,145.9820005
941,Queensland,QLD1,SWQ,110,0,0.002031867877468627,-27.429564018,151.707097536
942,Queensland,QLD1,SWQ,110,0,0.00038849298174124846,-27.6981529999999,151.6638025
943,New South Wales,NSW1,NCEN,132,0,0.005045167892417059,-32.71211915,151.327660632
944,Tasmania,TAS1,TAS,220,0,0.014367404459276863,-41.0767711899999,145.891201898
945,Tasmania,TAS1,TAS,110,0,0.005193714115365107,-41.269811879,145.727427458
946,New South Wales,NSW1,NCEN,132,0,0.01260752336517872,-32.940257618,151.626688488
947,New South Wales,NSW1,NCEN,132,0,0.004109425646172945,-32.88781463,151.652272691
948,New South Wales,NSW1,NCEN,132,0,0.0019038626876718044,-32.8851649229999,151.741982527
949,New South Wales,NSW1,NCEN,132,0,0.0003189438307163751,-32.580206,151.071936
950,New South Wales,NSW1,NCEN,132,0,0.00521958836149027,-33.830015907,151.008893769
952,New South Wales,NSW1,NNS,132,0,0.0030301524733870786,-31.098198445,152.819300799
953,New South Wales,NSW1,NCEN,132,0,0.00941944965627941,-31.899287,152.4516005
955,New South Wales,NSW1,NCEN,132,0,0.009693485798656878,-31.4498229389999,152.835446065
957,New South Wales,NSW1,NCEN,132,0,0.0035277036087607468,-33.841765998,150.912261843
958,New South Wales,NSW1,NCEN,132,0,0.007809968030564027,-33.735388062,150.885936244
959,Queensland,QLD1,CQ,132,0,0.0009791238271621742,-24.389554,148.435928
960,Queensland,QLD1,SEQ,110,0,0.0005304678571465978,-27.469999,153.0279965
